"","long","lat","order","hole","piece","group","id","region"
"1",-102.09775066,22.02324746,1,FALSE,"1","01001.1","01001","01001"
"2",-102.09713985,21.99612142,2,FALSE,"1","01001.1","01001","01001"
"3",-102.08459841,21.98609995,3,FALSE,"1","01001.1","01001","01001"
"4",-102.06866595,21.97793588,4,FALSE,"1","01001.1","01001","01001"
"5",-102.06941158,21.96898102,5,FALSE,"1","01001.1","01001","01001"
"6",-102.09428946,21.97233974,6,FALSE,"1","01001.1","01001","01001"
"7",-102.09244218,21.96114069,7,FALSE,"1","01001.1","01001","01001"
"8",-102.10089171,21.96490486,8,FALSE,"1","01001.1","01001","01001"
"9",-102.10051158,21.97266134,9,FALSE,"1","01001.1","01001","01001"
"10",-102.13188672,21.97683837,10,FALSE,"1","01001.1","01001","01001"
"11",-102.13900909,21.93753445,11,FALSE,"1","01001.1","01001","01001"
"12",-102.15424605,21.93623525,12,FALSE,"1","01001.1","01001","01001"
"13",-102.16420172,21.93712422,13,FALSE,"1","01001.1","01001","01001"
"14",-102.16613726,21.91954105,14,FALSE,"1","01001.1","01001","01001"
"15",-102.16202074,21.91963782,15,FALSE,"1","01001.1","01001","01001"
"16",-102.16213023,21.90775074,16,FALSE,"1","01001.1","01001","01001"
"17",-102.15538234,21.91081612,17,FALSE,"1","01001.1","01001","01001"
"18",-102.15713495,21.86924392,18,FALSE,"1","01001.1","01001","01001"
"19",-102.17505297,21.87053746,19,FALSE,"1","01001.1","01001","01001"
"20",-102.17604091,21.84382412,20,FALSE,"1","01001.1","01001","01001"
"21",-102.16758326,21.84294072,21,FALSE,"1","01001.1","01001","01001"
"22",-102.17077151,21.83196948,22,FALSE,"1","01001.1","01001","01001"
"23",-102.15786797,21.82971326,23,FALSE,"1","01001.1","01001","01001"
"24",-102.16041475,21.81131789,24,FALSE,"1","01001.1","01001","01001"
"25",-102.15052606,21.80961849,25,FALSE,"1","01001.1","01001","01001"
"26",-102.15345094,21.78887052,26,FALSE,"1","01001.1","01001","01001"
"27",-102.14595015,21.78784883,27,FALSE,"1","01001.1","01001","01001"
"28",-102.14081452,21.79448429,28,FALSE,"1","01001.1","01001","01001"
"29",-102.13196063,21.79664889,29,FALSE,"1","01001.1","01001","01001"
"30",-102.11731321,21.79411783,30,FALSE,"1","01001.1","01001","01001"
"31",-102.11502752,21.80015537,31,FALSE,"1","01001.1","01001","01001"
"32",-102.09776758,21.80043202,32,FALSE,"1","01001.1","01001","01001"
"33",-102.07167849,21.79473231,33,FALSE,"1","01001.1","01001","01001"
"34",-102.06450765,21.79620485,34,FALSE,"1","01001.1","01001","01001"
"35",-102.07196274,21.78265475,35,FALSE,"1","01001.1","01001","01001"
"36",-102.08307421,21.78706689,36,FALSE,"1","01001.1","01001","01001"
"37",-102.09457051,21.77770165,37,FALSE,"1","01001.1","01001","01001"
"38",-102.08869583,21.76712769,38,FALSE,"1","01001.1","01001","01001"
"39",-102.10156278,21.76157697,39,FALSE,"1","01001.1","01001","01001"
"40",-102.10465685,21.75185054,40,FALSE,"1","01001.1","01001","01001"
"41",-102.10934305,21.74943726,41,FALSE,"1","01001.1","01001","01001"
"42",-102.11621281,21.73652622,42,FALSE,"1","01001.1","01001","01001"
"43",-102.12089312,21.73644657,43,FALSE,"1","01001.1","01001","01001"
"44",-102.12552934,21.72581582,44,FALSE,"1","01001.1","01001","01001"
"45",-102.13634605,21.72049337,45,FALSE,"1","01001.1","01001","01001"
"46",-102.14209972,21.70537429,46,FALSE,"1","01001.1","01001","01001"
"47",-102.14730788,21.70577625,47,FALSE,"1","01001.1","01001","01001"
"48",-102.1548574,21.70003817,48,FALSE,"1","01001.1","01001","01001"
"49",-102.16659529,21.70249548,49,FALSE,"1","01001.1","01001","01001"
"50",-102.17143278,21.70700099,50,FALSE,"1","01001.1","01001","01001"
"51",-102.17788592,21.68815531,51,FALSE,"1","01001.1","01001","01001"
"52",-102.21426675,21.69481886,52,FALSE,"1","01001.1","01001","01001"
"53",-102.21423166,21.68660362,53,FALSE,"1","01001.1","01001","01001"
"54",-102.22699714,21.65680968,54,FALSE,"1","01001.1","01001","01001"
"55",-102.23761751,21.65200137,55,FALSE,"1","01001.1","01001","01001"
"56",-102.25091606,21.65514405,56,FALSE,"1","01001.1","01001","01001"
"57",-102.27521912,21.65397372,57,FALSE,"1","01001.1","01001","01001"
"58",-102.27944152,21.66443732,58,FALSE,"1","01001.1","01001","01001"
"59",-102.30399031,21.66668472,59,FALSE,"1","01001.1","01001","01001"
"60",-102.30264857,21.65460028,60,FALSE,"1","01001.1","01001","01001"
"61",-102.29537078,21.65309872,61,FALSE,"1","01001.1","01001","01001"
"62",-102.31016569,21.62662603,62,FALSE,"1","01001.1","01001","01001"
"63",-102.32105081,21.63009228,63,FALSE,"1","01001.1","01001","01001"
"64",-102.32572206,21.62226648,64,FALSE,"1","01001.1","01001","01001"
"65",-102.34018395,21.62878294,65,FALSE,"1","01001.1","01001","01001"
"66",-102.36687357,21.64275192,66,FALSE,"1","01001.1","01001","01001"
"67",-102.36952618,21.65059191,67,FALSE,"1","01001.1","01001","01001"
"68",-102.38439772,21.65188709,68,FALSE,"1","01001.1","01001","01001"
"69",-102.40749309,21.65948488,69,FALSE,"1","01001.1","01001","01001"
"70",-102.40459497,21.6655932,70,FALSE,"1","01001.1","01001","01001"
"71",-102.41962846,21.6694064,71,FALSE,"1","01001.1","01001","01001"
"72",-102.42500649,21.671755,72,FALSE,"1","01001.1","01001","01001"
"73",-102.44145495,21.67341917,73,FALSE,"1","01001.1","01001","01001"
"74",-102.4492514,21.68119762,74,FALSE,"1","01001.1","01001","01001"
"75",-102.45686377,21.69808754,75,FALSE,"1","01001.1","01001","01001"
"76",-102.46836185,21.69790312,76,FALSE,"1","01001.1","01001","01001"
"77",-102.47575655,21.69494515,77,FALSE,"1","01001.1","01001","01001"
"78",-102.47652175,21.70208495,78,FALSE,"1","01001.1","01001","01001"
"79",-102.48428569,21.70499174,79,FALSE,"1","01001.1","01001","01001"
"80",-102.54245243,21.73260437,80,FALSE,"1","01001.1","01001","01001"
"81",-102.55520751,21.74357389,81,FALSE,"1","01001.1","01001","01001"
"82",-102.567421,21.74459171,82,FALSE,"1","01001.1","01001","01001"
"83",-102.57359452,21.74250629,83,FALSE,"1","01001.1","01001","01001"
"84",-102.58314043,21.7438584,84,FALSE,"1","01001.1","01001","01001"
"85",-102.58314252,21.74710237,85,FALSE,"1","01001.1","01001","01001"
"86",-102.57071371,21.75025054,86,FALSE,"1","01001.1","01001","01001"
"87",-102.56484618,21.75556108,87,FALSE,"1","01001.1","01001","01001"
"88",-102.55938335,21.75511823,88,FALSE,"1","01001.1","01001","01001"
"89",-102.55920777,21.76412839,89,FALSE,"1","01001.1","01001","01001"
"90",-102.55487929,21.77179175,90,FALSE,"1","01001.1","01001","01001"
"91",-102.55389423,21.78000263,91,FALSE,"1","01001.1","01001","01001"
"92",-102.53499463,21.78125555,92,FALSE,"1","01001.1","01001","01001"
"93",-102.52961851,21.7845364,93,FALSE,"1","01001.1","01001","01001"
"94",-102.54482595,21.80253917,94,FALSE,"1","01001.1","01001","01001"
"95",-102.54084631,21.80635991,95,FALSE,"1","01001.1","01001","01001"
"96",-102.52812443,21.81237368,96,FALSE,"1","01001.1","01001","01001"
"97",-102.51910405,21.80989509,97,FALSE,"1","01001.1","01001","01001"
"98",-102.51708617,21.81521952,98,FALSE,"1","01001.1","01001","01001"
"99",-102.47409975,21.81701745,99,FALSE,"1","01001.1","01001","01001"
"100",-102.4617796,21.81460359,100,FALSE,"1","01001.1","01001","01001"
"101",-102.45647781,21.81758888,101,FALSE,"1","01001.1","01001","01001"
"102",-102.45130592,21.82962305,102,FALSE,"1","01001.1","01001","01001"
"103",-102.44129991,21.83513202,103,FALSE,"1","01001.1","01001","01001"
"104",-102.43455186,21.84538365,104,FALSE,"1","01001.1","01001","01001"
"105",-102.43064332,21.86554655,105,FALSE,"1","01001.1","01001","01001"
"106",-102.42219783,21.87828715,106,FALSE,"1","01001.1","01001","01001"
"107",-102.42049294,21.88641997,107,FALSE,"1","01001.1","01001","01001"
"108",-102.41254741,21.89154434,108,FALSE,"1","01001.1","01001","01001"
"109",-102.3931532,21.89799926,109,FALSE,"1","01001.1","01001","01001"
"110",-102.3966076,21.90593762,110,FALSE,"1","01001.1","01001","01001"
"111",-102.38828218,21.90932503,111,FALSE,"1","01001.1","01001","01001"
"112",-102.36586957,21.90540175,112,FALSE,"1","01001.1","01001","01001"
"113",-102.36141063,21.91507359,113,FALSE,"1","01001.1","01001","01001"
"114",-102.34620175,21.91235128,114,FALSE,"1","01001.1","01001","01001"
"115",-102.34629846,21.9273554,115,FALSE,"1","01001.1","01001","01001"
"116",-102.33924529,21.92756926,116,FALSE,"1","01001.1","01001","01001"
"117",-102.34340443,21.93901019,117,FALSE,"1","01001.1","01001","01001"
"118",-102.30841652,21.93439314,118,FALSE,"1","01001.1","01001","01001"
"119",-102.30851474,21.94767494,119,FALSE,"1","01001.1","01001","01001"
"120",-102.29065928,21.94455795,120,FALSE,"1","01001.1","01001","01001"
"121",-102.28305758,21.94681822,121,FALSE,"1","01001.1","01001","01001"
"122",-102.27880011,21.958414,122,FALSE,"1","01001.1","01001","01001"
"123",-102.2741414,21.9537896,123,FALSE,"1","01001.1","01001","01001"
"124",-102.26637571,21.95164697,124,FALSE,"1","01001.1","01001","01001"
"125",-102.26700572,21.94396466,125,FALSE,"1","01001.1","01001","01001"
"126",-102.2484058,21.95001431,126,FALSE,"1","01001.1","01001","01001"
"127",-102.23451451,21.95691969,127,FALSE,"1","01001.1","01001","01001"
"128",-102.23001286,21.96135688,128,FALSE,"1","01001.1","01001","01001"
"129",-102.22761592,21.97477834,129,FALSE,"1","01001.1","01001","01001"
"130",-102.20317261,21.97155388,130,FALSE,"1","01001.1","01001","01001"
"131",-102.20777118,21.99471537,131,FALSE,"1","01001.1","01001","01001"
"132",-102.22624678,21.99703515,132,FALSE,"1","01001.1","01001","01001"
"133",-102.22909501,21.99920257,133,FALSE,"1","01001.1","01001","01001"
"134",-102.22719391,22.00998555,134,FALSE,"1","01001.1","01001","01001"
"135",-102.22341618,22.01064932,135,FALSE,"1","01001.1","01001","01001"
"136",-102.22281531,22.03146609,136,FALSE,"1","01001.1","01001","01001"
"137",-102.20926858,22.02881139,137,FALSE,"1","01001.1","01001","01001"
"138",-102.2079146,22.03794714,138,FALSE,"1","01001.1","01001","01001"
"139",-102.17965472,22.03318046,139,FALSE,"1","01001.1","01001","01001"
"140",-102.17665463,22.04116662,140,FALSE,"1","01001.1","01001","01001"
"141",-102.16622712,22.03972563,141,FALSE,"1","01001.1","01001","01001"
"142",-102.17104968,22.02573168,142,FALSE,"1","01001.1","01001","01001"
"143",-102.15782129,22.02643635,143,FALSE,"1","01001.1","01001","01001"
"144",-102.15320223,22.02252972,144,FALSE,"1","01001.1","01001","01001"
"145",-102.13463414,22.02901323,145,FALSE,"1","01001.1","01001","01001"
"146",-102.144567,22.03541669,146,FALSE,"1","01001.1","01001","01001"
"147",-102.13851778,22.06024734,147,FALSE,"1","01001.1","01001","01001"
"148",-102.14088068,22.07534259,148,FALSE,"1","01001.1","01001","01001"
"149",-102.11806421,22.07490183,149,FALSE,"1","01001.1","01001","01001"
"150",-102.10712265,22.06120375,150,FALSE,"1","01001.1","01001","01001"
"151",-102.11116354,22.05318815,151,FALSE,"1","01001.1","01001","01001"
"152",-102.11598321,22.03727574,152,FALSE,"1","01001.1","01001","01001"
"153",-102.10960585,22.02716199,153,FALSE,"1","01001.1","01001","01001"
"154",-102.09775066,22.02324746,154,FALSE,"1","01001.1","01001","01001"
"155",-101.99941269,22.21950639,155,FALSE,"1","01002.1","01002","01002"
"156",-102.00099308,22.16811055,156,FALSE,"1","01002.1","01002","01002"
"157",-102.02946714,22.16866562,157,FALSE,"1","01002.1","01002","01002"
"158",-102.04432169,22.15344471,158,FALSE,"1","01002.1","01002","01002"
"159",-102.01707549,22.15396128,159,FALSE,"1","01002.1","01002","01002"
"160",-102.02591518,22.129771,160,FALSE,"1","01002.1","01002","01002"
"161",-102.00816515,22.12375217,161,FALSE,"1","01002.1","01002","01002"
"162",-101.98602795,22.12082745,162,FALSE,"1","01002.1","01002","01002"
"163",-101.96757394,22.11120248,163,FALSE,"1","01002.1","01002","01002"
"164",-101.95100008,22.09981779,164,FALSE,"1","01002.1","01002","01002"
"165",-101.88116457,22.05411285,165,FALSE,"1","01002.1","01002","01002"
"166",-101.86427511,22.04150948,166,FALSE,"1","01002.1","01002","01002"
"167",-101.86166981,22.02888383,167,FALSE,"1","01002.1","01002","01002"
"168",-101.86065711,22.01686992,168,FALSE,"1","01002.1","01002","01002"
"169",-101.86173338,21.99874,169,FALSE,"1","01002.1","01002","01002"
"170",-101.86379871,21.99001566,170,FALSE,"1","01002.1","01002","01002"
"171",-101.89125251,21.97659205,171,FALSE,"1","01002.1","01002","01002"
"172",-101.89511475,21.98448999,172,FALSE,"1","01002.1","01002","01002"
"173",-101.90006985,21.98672443,173,FALSE,"1","01002.1","01002","01002"
"174",-101.89602931,21.96833652,174,FALSE,"1","01002.1","01002","01002"
"175",-101.89778021,21.95838791,175,FALSE,"1","01002.1","01002","01002"
"176",-101.94805877,22.00877908,176,FALSE,"1","01002.1","01002","01002"
"177",-101.97429028,22.00962491,177,FALSE,"1","01002.1","01002","01002"
"178",-101.99193974,22.00793965,178,FALSE,"1","01002.1","01002","01002"
"179",-101.98746995,22.03916648,179,FALSE,"1","01002.1","01002","01002"
"180",-102.00762106,22.03993091,180,FALSE,"1","01002.1","01002","01002"
"181",-102.0114392,22.03366337,181,FALSE,"1","01002.1","01002","01002"
"182",-102.02277078,22.04425629,182,FALSE,"1","01002.1","01002","01002"
"183",-102.02347714,22.05356832,183,FALSE,"1","01002.1","01002","01002"
"184",-102.03426861,22.06936534,184,FALSE,"1","01002.1","01002","01002"
"185",-102.04995908,22.06113794,185,FALSE,"1","01002.1","01002","01002"
"186",-102.03614441,22.05226409,186,FALSE,"1","01002.1","01002","01002"
"187",-102.04539441,22.04906108,187,FALSE,"1","01002.1","01002","01002"
"188",-102.05080954,22.04199494,188,FALSE,"1","01002.1","01002","01002"
"189",-102.06009138,22.04440659,189,FALSE,"1","01002.1","01002","01002"
"190",-102.06494501,22.01742828,190,FALSE,"1","01002.1","01002","01002"
"191",-102.09775066,22.02324746,191,FALSE,"1","01002.1","01002","01002"
"192",-102.10960585,22.02716199,192,FALSE,"1","01002.1","01002","01002"
"193",-102.11598321,22.03727574,193,FALSE,"1","01002.1","01002","01002"
"194",-102.11116354,22.05318815,194,FALSE,"1","01002.1","01002","01002"
"195",-102.10712265,22.06120375,195,FALSE,"1","01002.1","01002","01002"
"196",-102.11806421,22.07490183,196,FALSE,"1","01002.1","01002","01002"
"197",-102.14088068,22.07534259,197,FALSE,"1","01002.1","01002","01002"
"198",-102.14726023,22.08626691,198,FALSE,"1","01002.1","01002","01002"
"199",-102.15657331,22.09117675,199,FALSE,"1","01002.1","01002","01002"
"200",-102.15637645,22.09785225,200,FALSE,"1","01002.1","01002","01002"
"201",-102.16285994,22.10032808,201,FALSE,"1","01002.1","01002","01002"
"202",-102.17143628,22.08375155,202,FALSE,"1","01002.1","01002","01002"
"203",-102.18030305,22.08427806,203,FALSE,"1","01002.1","01002","01002"
"204",-102.18460409,22.06524239,204,FALSE,"1","01002.1","01002","01002"
"205",-102.19103738,22.06610172,205,FALSE,"1","01002.1","01002","01002"
"206",-102.19903569,22.07096589,206,FALSE,"1","01002.1","01002","01002"
"207",-102.19531805,22.09514025,207,FALSE,"1","01002.1","01002","01002"
"208",-102.19250331,22.10150491,208,FALSE,"1","01002.1","01002","01002"
"209",-102.21674098,22.10629288,209,FALSE,"1","01002.1","01002","01002"
"210",-102.21780934,22.12274148,210,FALSE,"1","01002.1","01002","01002"
"211",-102.21150118,22.14017442,211,FALSE,"1","01002.1","01002","01002"
"212",-102.20454569,22.14507562,212,FALSE,"1","01002.1","01002","01002"
"213",-102.20416489,22.16090706,213,FALSE,"1","01002.1","01002","01002"
"214",-102.1863058,22.16124883,214,FALSE,"1","01002.1","01002","01002"
"215",-102.17573294,22.12953174,215,FALSE,"1","01002.1","01002","01002"
"216",-102.16781089,22.12535052,216,FALSE,"1","01002.1","01002","01002"
"217",-102.16415489,22.14065299,217,FALSE,"1","01002.1","01002","01002"
"218",-102.14893641,22.15472523,218,FALSE,"1","01002.1","01002","01002"
"219",-102.13639977,22.14945506,219,FALSE,"1","01002.1","01002","01002"
"220",-102.13537255,22.15379488,220,FALSE,"1","01002.1","01002","01002"
"221",-102.12652726,22.15763349,221,FALSE,"1","01002.1","01002","01002"
"222",-102.13343794,22.17327271,222,FALSE,"1","01002.1","01002","01002"
"223",-102.13246277,22.17861143,223,FALSE,"1","01002.1","01002","01002"
"224",-102.13700714,22.19107154,224,FALSE,"1","01002.1","01002","01002"
"225",-102.13299241,22.20281848,225,FALSE,"1","01002.1","01002","01002"
"226",-102.13279261,22.21518865,226,FALSE,"1","01002.1","01002","01002"
"227",-102.14654886,22.23377852,227,FALSE,"1","01002.1","01002","01002"
"228",-102.13014814,22.24105697,228,FALSE,"1","01002.1","01002","01002"
"229",-102.12705031,22.26977439,229,FALSE,"1","01002.1","01002","01002"
"230",-102.12411069,22.2869564,230,FALSE,"1","01002.1","01002","01002"
"231",-102.1065838,22.28536546,231,FALSE,"1","01002.1","01002","01002"
"232",-102.10524986,22.28079283,232,FALSE,"1","01002.1","01002","01002"
"233",-102.09106488,22.29089119,233,FALSE,"1","01002.1","01002","01002"
"234",-102.0895714,22.28899886,234,FALSE,"1","01002.1","01002","01002"
"235",-102.07562705,22.30607279,235,FALSE,"1","01002.1","01002","01002"
"236",-102.05670449,22.299921,236,FALSE,"1","01002.1","01002","01002"
"237",-102.05840777,22.29365486,237,FALSE,"1","01002.1","01002","01002"
"238",-102.05121358,22.29121303,238,FALSE,"1","01002.1","01002","01002"
"239",-102.03726965,22.29897568,239,FALSE,"1","01002.1","01002","01002"
"240",-102.02999,22.28549066,240,FALSE,"1","01002.1","01002","01002"
"241",-102.02921026,22.26900468,241,FALSE,"1","01002.1","01002","01002"
"242",-102.02196105,22.24427692,242,FALSE,"1","01002.1","01002","01002"
"243",-102.02249458,22.24158549,243,FALSE,"1","01002.1","01002","01002"
"244",-102.00247463,22.24144406,244,FALSE,"1","01002.1","01002","01002"
"245",-101.99971608,22.23365603,245,FALSE,"1","01002.1","01002","01002"
"246",-101.99941269,22.21950639,246,FALSE,"1","01002.1","01002","01002"
"247",-102.57625057,21.96778072,247,FALSE,"1","01003.1","01003","01003"
"248",-102.57985628,21.95805449,248,FALSE,"1","01003.1","01003","01003"
"249",-102.58438597,21.95276809,249,FALSE,"1","01003.1","01003","01003"
"250",-102.58257251,21.94064791,250,FALSE,"1","01003.1","01003","01003"
"251",-102.59353888,21.94219672,251,FALSE,"1","01003.1","01003","01003"
"252",-102.59275785,21.91740374,252,FALSE,"1","01003.1","01003","01003"
"253",-102.5859934,21.91682163,253,FALSE,"1","01003.1","01003","01003"
"254",-102.58260435,21.90657829,254,FALSE,"1","01003.1","01003","01003"
"255",-102.58930543,21.89909015,255,FALSE,"1","01003.1","01003","01003"
"256",-102.58405443,21.89467475,256,FALSE,"1","01003.1","01003","01003"
"257",-102.58791832,21.88184048,257,FALSE,"1","01003.1","01003","01003"
"258",-102.58497634,21.86966482,258,FALSE,"1","01003.1","01003","01003"
"259",-102.59887328,21.86479149,259,FALSE,"1","01003.1","01003","01003"
"260",-102.59583271,21.84722219,260,FALSE,"1","01003.1","01003","01003"
"261",-102.58975481,21.84312969,261,FALSE,"1","01003.1","01003","01003"
"262",-102.59177201,21.82989783,262,FALSE,"1","01003.1","01003","01003"
"263",-102.58528718,21.82906572,263,FALSE,"1","01003.1","01003","01003"
"264",-102.58885468,21.80696875,264,FALSE,"1","01003.1","01003","01003"
"265",-102.58132569,21.8123516,265,FALSE,"1","01003.1","01003","01003"
"266",-102.56988968,21.81672486,266,FALSE,"1","01003.1","01003","01003"
"267",-102.55227255,21.81751609,267,FALSE,"1","01003.1","01003","01003"
"268",-102.54084631,21.80635991,268,FALSE,"1","01003.1","01003","01003"
"269",-102.54482595,21.80253917,269,FALSE,"1","01003.1","01003","01003"
"270",-102.52961851,21.7845364,270,FALSE,"1","01003.1","01003","01003"
"271",-102.53499463,21.78125555,271,FALSE,"1","01003.1","01003","01003"
"272",-102.55389423,21.78000263,272,FALSE,"1","01003.1","01003","01003"
"273",-102.55487929,21.77179175,273,FALSE,"1","01003.1","01003","01003"
"274",-102.55920777,21.76412839,274,FALSE,"1","01003.1","01003","01003"
"275",-102.55938335,21.75511823,275,FALSE,"1","01003.1","01003","01003"
"276",-102.56484618,21.75556108,276,FALSE,"1","01003.1","01003","01003"
"277",-102.57071371,21.75025054,277,FALSE,"1","01003.1","01003","01003"
"278",-102.58314252,21.74710237,278,FALSE,"1","01003.1","01003","01003"
"279",-102.58314043,21.7438584,279,FALSE,"1","01003.1","01003","01003"
"280",-102.59627874,21.74404963,280,FALSE,"1","01003.1","01003","01003"
"281",-102.59677432,21.754982,281,FALSE,"1","01003.1","01003","01003"
"282",-102.60486249,21.75103571,282,FALSE,"1","01003.1","01003","01003"
"283",-102.61812328,21.75565179,283,FALSE,"1","01003.1","01003","01003"
"284",-102.63349383,21.76733946,284,FALSE,"1","01003.1","01003","01003"
"285",-102.64353912,21.76188449,285,FALSE,"1","01003.1","01003","01003"
"286",-102.65092331,21.76542222,286,FALSE,"1","01003.1","01003","01003"
"287",-102.65957563,21.76238372,287,FALSE,"1","01003.1","01003","01003"
"288",-102.67127023,21.76254905,288,FALSE,"1","01003.1","01003","01003"
"289",-102.67876758,21.75317374,289,FALSE,"1","01003.1","01003","01003"
"290",-102.69066857,21.7524372,290,FALSE,"1","01003.1","01003","01003"
"291",-102.69731754,21.74151366,291,FALSE,"1","01003.1","01003","01003"
"292",-102.69626329,21.72876802,292,FALSE,"1","01003.1","01003","01003"
"293",-102.71402475,21.73009779,293,FALSE,"1","01003.1","01003","01003"
"294",-102.72279857,21.71911162,294,FALSE,"1","01003.1","01003","01003"
"295",-102.73522249,21.71567079,295,FALSE,"1","01003.1","01003","01003"
"296",-102.74529994,21.72005231,296,FALSE,"1","01003.1","01003","01003"
"297",-102.77218091,21.73782377,297,FALSE,"1","01003.1","01003","01003"
"298",-102.77569697,21.7345894,298,FALSE,"1","01003.1","01003","01003"
"299",-102.79230965,21.75499012,299,FALSE,"1","01003.1","01003","01003"
"300",-102.80599112,21.76396569,300,FALSE,"1","01003.1","01003","01003"
"301",-102.81691626,21.76647537,301,FALSE,"1","01003.1","01003","01003"
"302",-102.82009512,21.77845682,302,FALSE,"1","01003.1","01003","01003"
"303",-102.8271954,21.78707302,303,FALSE,"1","01003.1","01003","01003"
"304",-102.83241037,21.79789999,304,FALSE,"1","01003.1","01003","01003"
"305",-102.83930908,21.79686549,305,FALSE,"1","01003.1","01003","01003"
"306",-102.84320111,21.80103697,306,FALSE,"1","01003.1","01003","01003"
"307",-102.85334506,21.79905315,307,FALSE,"1","01003.1","01003","01003"
"308",-102.84725585,21.82239262,308,FALSE,"1","01003.1","01003","01003"
"309",-102.84731475,21.83340922,309,FALSE,"1","01003.1","01003","01003"
"310",-102.85805097,21.83322635,310,FALSE,"1","01003.1","01003","01003"
"311",-102.8645696,21.84352691,311,FALSE,"1","01003.1","01003","01003"
"312",-102.87092331,21.84615057,312,FALSE,"1","01003.1","01003","01003"
"313",-102.87417658,21.852771,313,FALSE,"1","01003.1","01003","01003"
"314",-102.86844689,21.86053772,314,FALSE,"1","01003.1","01003","01003"
"315",-102.86338012,21.86376579,315,FALSE,"1","01003.1","01003","01003"
"316",-102.86054614,21.88025969,316,FALSE,"1","01003.1","01003","01003"
"317",-102.85560205,21.88450917,317,FALSE,"1","01003.1","01003","01003"
"318",-102.84964529,21.90556582,318,FALSE,"1","01003.1","01003","01003"
"319",-102.84609465,21.9137392,319,FALSE,"1","01003.1","01003","01003"
"320",-102.84353192,21.92640855,320,FALSE,"1","01003.1","01003","01003"
"321",-102.83728975,21.94061771,321,FALSE,"1","01003.1","01003","01003"
"322",-102.83275361,21.9425806,322,FALSE,"1","01003.1","01003","01003"
"323",-102.82161245,21.95879972,323,FALSE,"1","01003.1","01003","01003"
"324",-102.82073083,21.96424474,324,FALSE,"1","01003.1","01003","01003"
"325",-102.80546157,21.9963004,325,FALSE,"1","01003.1","01003","01003"
"326",-102.79149861,22.01598835,326,FALSE,"1","01003.1","01003","01003"
"327",-102.78404326,22.01685457,327,FALSE,"1","01003.1","01003","01003"
"328",-102.78156685,22.02861951,328,FALSE,"1","01003.1","01003","01003"
"329",-102.77426557,22.03604814,329,FALSE,"1","01003.1","01003","01003"
"330",-102.76898126,22.03782289,330,FALSE,"1","01003.1","01003","01003"
"331",-102.76098974,22.04628674,331,FALSE,"1","01003.1","01003","01003"
"332",-102.75318026,22.06325782,332,FALSE,"1","01003.1","01003","01003"
"333",-102.75580571,22.07366208,333,FALSE,"1","01003.1","01003","01003"
"334",-102.74189738,22.08217262,334,FALSE,"1","01003.1","01003","01003"
"335",-102.72490997,22.09015731,335,FALSE,"1","01003.1","01003","01003"
"336",-102.71849358,22.09083905,336,FALSE,"1","01003.1","01003","01003"
"337",-102.69348534,22.10472295,337,FALSE,"1","01003.1","01003","01003"
"338",-102.68695015,22.1065304,338,FALSE,"1","01003.1","01003","01003"
"339",-102.68568845,22.09962731,339,FALSE,"1","01003.1","01003","01003"
"340",-102.69257681,22.09020668,340,FALSE,"1","01003.1","01003","01003"
"341",-102.68403438,22.08669715,341,FALSE,"1","01003.1","01003","01003"
"342",-102.67980312,22.09834269,342,FALSE,"1","01003.1","01003","01003"
"343",-102.67115489,22.09831875,343,FALSE,"1","01003.1","01003","01003"
"344",-102.66747417,22.09329855,344,FALSE,"1","01003.1","01003","01003"
"345",-102.66904418,22.08762172,345,FALSE,"1","01003.1","01003","01003"
"346",-102.64349414,22.0935208,346,FALSE,"1","01003.1","01003","01003"
"347",-102.62077694,22.08147143,347,FALSE,"1","01003.1","01003","01003"
"348",-102.6131988,22.07105799,348,FALSE,"1","01003.1","01003","01003"
"349",-102.6086382,22.05323691,349,FALSE,"1","01003.1","01003","01003"
"350",-102.61558969,22.04656434,350,FALSE,"1","01003.1","01003","01003"
"351",-102.61759263,22.03753937,351,FALSE,"1","01003.1","01003","01003"
"352",-102.61229248,22.03639059,352,FALSE,"1","01003.1","01003","01003"
"353",-102.60220648,22.04006869,353,FALSE,"1","01003.1","01003","01003"
"354",-102.60226157,22.04854217,354,FALSE,"1","01003.1","01003","01003"
"355",-102.59289045,22.04736552,355,FALSE,"1","01003.1","01003","01003"
"356",-102.59748852,22.0141864,356,FALSE,"1","01003.1","01003","01003"
"357",-102.58080197,22.01227515,357,FALSE,"1","01003.1","01003","01003"
"358",-102.58413105,21.99164555,358,FALSE,"1","01003.1","01003","01003"
"359",-102.57848208,21.97930689,359,FALSE,"1","01003.1","01003","01003"
"360",-102.58182549,21.96883808,360,FALSE,"1","01003.1","01003","01003"
"361",-102.57625057,21.96778072,361,FALSE,"1","01003.1","01003","01003"
"362",-102.25320071,22.37449451,362,FALSE,"1","01004.1","01004","01004"
"363",-102.25327032,22.37045706,363,FALSE,"1","01004.1","01004","01004"
"364",-102.23884835,22.3523648,364,FALSE,"1","01004.1","01004","01004"
"365",-102.24512601,22.34199928,365,FALSE,"1","01004.1","01004","01004"
"366",-102.24721426,22.32444603,366,FALSE,"1","01004.1","01004","01004"
"367",-102.24427858,22.32021863,367,FALSE,"1","01004.1","01004","01004"
"368",-102.24716334,22.31076043,368,FALSE,"1","01004.1","01004","01004"
"369",-102.24619015,22.29842139,369,FALSE,"1","01004.1","01004","01004"
"370",-102.25398457,22.29943025,370,FALSE,"1","01004.1","01004","01004"
"371",-102.25498205,22.29318591,371,FALSE,"1","01004.1","01004","01004"
"372",-102.2622014,22.29441008,372,FALSE,"1","01004.1","01004","01004"
"373",-102.26163691,22.28570545,373,FALSE,"1","01004.1","01004","01004"
"374",-102.27324911,22.28448051,374,FALSE,"1","01004.1","01004","01004"
"375",-102.27979975,22.28782575,375,FALSE,"1","01004.1","01004","01004"
"376",-102.29667743,22.28946986,376,FALSE,"1","01004.1","01004","01004"
"377",-102.29458675,22.30083334,377,FALSE,"1","01004.1","01004","01004"
"378",-102.30691201,22.3031016,378,FALSE,"1","01004.1","01004","01004"
"379",-102.31652074,22.31291611,379,FALSE,"1","01004.1","01004","01004"
"380",-102.30526638,22.31918605,380,FALSE,"1","01004.1","01004","01004"
"381",-102.30418349,22.33198974,381,FALSE,"1","01004.1","01004","01004"
"382",-102.3337142,22.32985746,382,FALSE,"1","01004.1","01004","01004"
"383",-102.3623764,22.32882465,383,FALSE,"1","01004.1","01004","01004"
"384",-102.36265372,22.34647485,384,FALSE,"1","01004.1","01004","01004"
"385",-102.34949101,22.34672539,385,FALSE,"1","01004.1","01004","01004"
"386",-102.33933835,22.36150494,386,FALSE,"1","01004.1","01004","01004"
"387",-102.34418165,22.36303957,387,FALSE,"1","01004.1","01004","01004"
"388",-102.37844281,22.36087859,388,FALSE,"1","01004.1","01004","01004"
"389",-102.35925028,22.38495169,389,FALSE,"1","01004.1","01004","01004"
"390",-102.36287708,22.38874728,390,FALSE,"1","01004.1","01004","01004"
"391",-102.32136472,22.38853265,391,FALSE,"1","01004.1","01004","01004"
"392",-102.32103051,22.41829135,392,FALSE,"1","01004.1","01004","01004"
"393",-102.31204005,22.4408182,393,FALSE,"1","01004.1","01004","01004"
"394",-102.3118048,22.45691582,394,FALSE,"1","01004.1","01004","01004"
"395",-102.29830685,22.45958968,395,FALSE,"1","01004.1","01004","01004"
"396",-102.28993074,22.41998362,396,FALSE,"1","01004.1","01004","01004"
"397",-102.27091789,22.41175179,397,FALSE,"1","01004.1","01004","01004"
"398",-102.26399701,22.3989032,398,FALSE,"1","01004.1","01004","01004"
"399",-102.25029937,22.38722171,399,FALSE,"1","01004.1","01004","01004"
"400",-102.25320071,22.37449451,400,FALSE,"1","01004.1","01004","01004"
"401",-102.31034028,22.03715991,401,FALSE,"1","01005.1","01005","01005"
"402",-102.30132746,22.03110922,402,FALSE,"1","01005.1","01005","01005"
"403",-102.29618929,22.03310083,403,FALSE,"1","01005.1","01005","01005"
"404",-102.27909678,22.03324951,404,FALSE,"1","01005.1","01005","01005"
"405",-102.28055692,22.0212006,405,FALSE,"1","01005.1","01005","01005"
"406",-102.26558095,22.02065805,406,FALSE,"1","01005.1","01005","01005"
"407",-102.26513655,22.00942026,407,FALSE,"1","01005.1","01005","01005"
"408",-102.27261057,22.00667595,408,FALSE,"1","01005.1","01005","01005"
"409",-102.28228614,22.00723191,409,FALSE,"1","01005.1","01005","01005"
"410",-102.2824038,22.00289851,410,FALSE,"1","01005.1","01005","01005"
"411",-102.27477134,21.99521525,411,FALSE,"1","01005.1","01005","01005"
"412",-102.27402589,21.98607332,412,FALSE,"1","01005.1","01005","01005"
"413",-102.26918834,21.98276705,413,FALSE,"1","01005.1","01005","01005"
"414",-102.27234914,21.97650649,414,FALSE,"1","01005.1","01005","01005"
"415",-102.28464809,21.98146772,415,FALSE,"1","01005.1","01005","01005"
"416",-102.28691057,21.97685302,416,FALSE,"1","01005.1","01005","01005"
"417",-102.27348465,21.97261166,417,FALSE,"1","01005.1","01005","01005"
"418",-102.27880011,21.958414,418,FALSE,"1","01005.1","01005","01005"
"419",-102.28305758,21.94681822,419,FALSE,"1","01005.1","01005","01005"
"420",-102.29065928,21.94455795,420,FALSE,"1","01005.1","01005","01005"
"421",-102.30851474,21.94767494,421,FALSE,"1","01005.1","01005","01005"
"422",-102.30841652,21.93439314,422,FALSE,"1","01005.1","01005","01005"
"423",-102.34340443,21.93901019,423,FALSE,"1","01005.1","01005","01005"
"424",-102.33924529,21.92756926,424,FALSE,"1","01005.1","01005","01005"
"425",-102.34629846,21.9273554,425,FALSE,"1","01005.1","01005","01005"
"426",-102.34620175,21.91235128,426,FALSE,"1","01005.1","01005","01005"
"427",-102.36141063,21.91507359,427,FALSE,"1","01005.1","01005","01005"
"428",-102.36586957,21.90540175,428,FALSE,"1","01005.1","01005","01005"
"429",-102.38828218,21.90932503,429,FALSE,"1","01005.1","01005","01005"
"430",-102.3966076,21.90593762,430,FALSE,"1","01005.1","01005","01005"
"431",-102.3931532,21.89799926,431,FALSE,"1","01005.1","01005","01005"
"432",-102.41254741,21.89154434,432,FALSE,"1","01005.1","01005","01005"
"433",-102.42049294,21.88641997,433,FALSE,"1","01005.1","01005","01005"
"434",-102.42219783,21.87828715,434,FALSE,"1","01005.1","01005","01005"
"435",-102.43064332,21.86554655,435,FALSE,"1","01005.1","01005","01005"
"436",-102.43455186,21.84538365,436,FALSE,"1","01005.1","01005","01005"
"437",-102.44129991,21.83513202,437,FALSE,"1","01005.1","01005","01005"
"438",-102.45130592,21.82962305,438,FALSE,"1","01005.1","01005","01005"
"439",-102.45647781,21.81758888,439,FALSE,"1","01005.1","01005","01005"
"440",-102.4617796,21.81460359,440,FALSE,"1","01005.1","01005","01005"
"441",-102.47409975,21.81701745,441,FALSE,"1","01005.1","01005","01005"
"442",-102.51708617,21.81521952,442,FALSE,"1","01005.1","01005","01005"
"443",-102.51910405,21.80989509,443,FALSE,"1","01005.1","01005","01005"
"444",-102.52812443,21.81237368,444,FALSE,"1","01005.1","01005","01005"
"445",-102.54084631,21.80635991,445,FALSE,"1","01005.1","01005","01005"
"446",-102.55227255,21.81751609,446,FALSE,"1","01005.1","01005","01005"
"447",-102.56988968,21.81672486,447,FALSE,"1","01005.1","01005","01005"
"448",-102.58132569,21.8123516,448,FALSE,"1","01005.1","01005","01005"
"449",-102.58885468,21.80696875,449,FALSE,"1","01005.1","01005","01005"
"450",-102.58528718,21.82906572,450,FALSE,"1","01005.1","01005","01005"
"451",-102.59177201,21.82989783,451,FALSE,"1","01005.1","01005","01005"
"452",-102.58975481,21.84312969,452,FALSE,"1","01005.1","01005","01005"
"453",-102.59583271,21.84722219,453,FALSE,"1","01005.1","01005","01005"
"454",-102.59887328,21.86479149,454,FALSE,"1","01005.1","01005","01005"
"455",-102.58497634,21.86966482,455,FALSE,"1","01005.1","01005","01005"
"456",-102.58791832,21.88184048,456,FALSE,"1","01005.1","01005","01005"
"457",-102.58405443,21.89467475,457,FALSE,"1","01005.1","01005","01005"
"458",-102.58930543,21.89909015,458,FALSE,"1","01005.1","01005","01005"
"459",-102.58260435,21.90657829,459,FALSE,"1","01005.1","01005","01005"
"460",-102.5859934,21.91682163,460,FALSE,"1","01005.1","01005","01005"
"461",-102.59275785,21.91740374,461,FALSE,"1","01005.1","01005","01005"
"462",-102.59353888,21.94219672,462,FALSE,"1","01005.1","01005","01005"
"463",-102.58257251,21.94064791,463,FALSE,"1","01005.1","01005","01005"
"464",-102.58438597,21.95276809,464,FALSE,"1","01005.1","01005","01005"
"465",-102.57985628,21.95805449,465,FALSE,"1","01005.1","01005","01005"
"466",-102.57625057,21.96778072,466,FALSE,"1","01005.1","01005","01005"
"467",-102.56872621,21.96392155,467,FALSE,"1","01005.1","01005","01005"
"468",-102.55523023,21.96212923,468,FALSE,"1","01005.1","01005","01005"
"469",-102.55038175,21.97057442,469,FALSE,"1","01005.1","01005","01005"
"470",-102.5323798,21.970563,470,FALSE,"1","01005.1","01005","01005"
"471",-102.51049258,21.97358966,471,FALSE,"1","01005.1","01005","01005"
"472",-102.5075168,21.97519472,472,FALSE,"1","01005.1","01005","01005"
"473",-102.49698671,21.96907134,473,FALSE,"1","01005.1","01005","01005"
"474",-102.49207848,21.96951674,474,FALSE,"1","01005.1","01005","01005"
"475",-102.49542263,21.98470512,475,FALSE,"1","01005.1","01005","01005"
"476",-102.50128121,21.98692494,476,FALSE,"1","01005.1","01005","01005"
"477",-102.50504755,21.99282402,477,FALSE,"1","01005.1","01005","01005"
"478",-102.50142985,22.00321779,478,FALSE,"1","01005.1","01005","01005"
"479",-102.48904475,22.00176163,479,FALSE,"1","01005.1","01005","01005"
"480",-102.48937505,21.99640771,480,FALSE,"1","01005.1","01005","01005"
"481",-102.47764081,21.99682786,481,FALSE,"1","01005.1","01005","01005"
"482",-102.47272528,21.99487628,482,FALSE,"1","01005.1","01005","01005"
"483",-102.46808252,21.98128943,483,FALSE,"1","01005.1","01005","01005"
"484",-102.46010243,21.98274902,484,FALSE,"1","01005.1","01005","01005"
"485",-102.45396943,21.97951888,485,FALSE,"1","01005.1","01005","01005"
"486",-102.44733945,21.98673883,486,FALSE,"1","01005.1","01005","01005"
"487",-102.42413315,21.98884383,487,FALSE,"1","01005.1","01005","01005"
"488",-102.43214789,21.99584379,488,FALSE,"1","01005.1","01005","01005"
"489",-102.43050109,22.00877054,489,FALSE,"1","01005.1","01005","01005"
"490",-102.42660057,22.01836517,490,FALSE,"1","01005.1","01005","01005"
"491",-102.42089809,22.01956931,491,FALSE,"1","01005.1","01005","01005"
"492",-102.41615035,22.02809715,492,FALSE,"1","01005.1","01005","01005"
"493",-102.41659129,22.04043031,493,FALSE,"1","01005.1","01005","01005"
"494",-102.38728577,22.04031946,494,FALSE,"1","01005.1","01005","01005"
"495",-102.38321281,22.04434943,495,FALSE,"1","01005.1","01005","01005"
"496",-102.38407451,22.0535982,496,FALSE,"1","01005.1","01005","01005"
"497",-102.38174023,22.05907114,497,FALSE,"1","01005.1","01005","01005"
"498",-102.36547641,22.04672303,498,FALSE,"1","01005.1","01005","01005"
"499",-102.35698031,22.05043762,499,FALSE,"1","01005.1","01005","01005"
"500",-102.35476675,22.06276723,500,FALSE,"1","01005.1","01005","01005"
"501",-102.33758809,22.06011683,501,FALSE,"1","01005.1","01005","01005"
"502",-102.33259409,22.03240292,502,FALSE,"1","01005.1","01005","01005"
"503",-102.32163854,22.03457255,503,FALSE,"1","01005.1","01005","01005"
"504",-102.31937651,22.04041871,504,FALSE,"1","01005.1","01005","01005"
"505",-102.31034028,22.03715991,505,FALSE,"1","01005.1","01005","01005"
"506",-102.20416489,22.16090706,506,FALSE,"1","01006.1","01006","01006"
"507",-102.20454569,22.14507562,507,FALSE,"1","01006.1","01006","01006"
"508",-102.21150118,22.14017442,508,FALSE,"1","01006.1","01006","01006"
"509",-102.21780934,22.12274148,509,FALSE,"1","01006.1","01006","01006"
"510",-102.21674098,22.10629288,510,FALSE,"1","01006.1","01006","01006"
"511",-102.19250331,22.10150491,511,FALSE,"1","01006.1","01006","01006"
"512",-102.19531805,22.09514025,512,FALSE,"1","01006.1","01006","01006"
"513",-102.19903569,22.07096589,513,FALSE,"1","01006.1","01006","01006"
"514",-102.19103738,22.06610172,514,FALSE,"1","01006.1","01006","01006"
"515",-102.19401965,22.05738182,515,FALSE,"1","01006.1","01006","01006"
"516",-102.1995018,22.05591828,516,FALSE,"1","01006.1","01006","01006"
"517",-102.20335369,22.06193655,517,FALSE,"1","01006.1","01006","01006"
"518",-102.19931926,22.06909022,518,FALSE,"1","01006.1","01006","01006"
"519",-102.21147603,22.07339688,519,FALSE,"1","01006.1","01006","01006"
"520",-102.2229314,22.08155485,520,FALSE,"1","01006.1","01006","01006"
"521",-102.22621171,22.08612174,521,FALSE,"1","01006.1","01006","01006"
"522",-102.23529978,22.08544419,522,FALSE,"1","01006.1","01006","01006"
"523",-102.26046763,22.08718437,523,FALSE,"1","01006.1","01006","01006"
"524",-102.26076446,22.07940514,524,FALSE,"1","01006.1","01006","01006"
"525",-102.26852366,22.07985422,525,FALSE,"1","01006.1","01006","01006"
"526",-102.27367128,22.08810377,526,FALSE,"1","01006.1","01006","01006"
"527",-102.28321017,22.08733628,527,FALSE,"1","01006.1","01006","01006"
"528",-102.28518208,22.08256246,528,FALSE,"1","01006.1","01006","01006"
"529",-102.29634888,22.08429915,529,FALSE,"1","01006.1","01006","01006"
"530",-102.29652091,22.07547654,530,FALSE,"1","01006.1","01006","01006"
"531",-102.28750945,22.07416171,531,FALSE,"1","01006.1","01006","01006"
"532",-102.28638043,22.06220575,532,FALSE,"1","01006.1","01006","01006"
"533",-102.29146054,22.05492146,533,FALSE,"1","01006.1","01006","01006"
"534",-102.30456985,22.04515999,534,FALSE,"1","01006.1","01006","01006"
"535",-102.31034028,22.03715991,535,FALSE,"1","01006.1","01006","01006"
"536",-102.31937651,22.04041871,536,FALSE,"1","01006.1","01006","01006"
"537",-102.32163854,22.03457255,537,FALSE,"1","01006.1","01006","01006"
"538",-102.33259409,22.03240292,538,FALSE,"1","01006.1","01006","01006"
"539",-102.33758809,22.06011683,539,FALSE,"1","01006.1","01006","01006"
"540",-102.35476675,22.06276723,540,FALSE,"1","01006.1","01006","01006"
"541",-102.35698031,22.05043762,541,FALSE,"1","01006.1","01006","01006"
"542",-102.36547641,22.04672303,542,FALSE,"1","01006.1","01006","01006"
"543",-102.38174023,22.05907114,543,FALSE,"1","01006.1","01006","01006"
"544",-102.38407451,22.0535982,544,FALSE,"1","01006.1","01006","01006"
"545",-102.38321281,22.04434943,545,FALSE,"1","01006.1","01006","01006"
"546",-102.38728577,22.04031946,546,FALSE,"1","01006.1","01006","01006"
"547",-102.41659129,22.04043031,547,FALSE,"1","01006.1","01006","01006"
"548",-102.41845461,22.08048088,548,FALSE,"1","01006.1","01006","01006"
"549",-102.38615191,22.09033415,549,FALSE,"1","01006.1","01006","01006"
"550",-102.38054217,22.12708052,550,FALSE,"1","01006.1","01006","01006"
"551",-102.35425863,22.11699057,551,FALSE,"1","01006.1","01006","01006"
"552",-102.35384678,22.12064402,552,FALSE,"1","01006.1","01006","01006"
"553",-102.35058952,22.146557,553,FALSE,"1","01006.1","01006","01006"
"554",-102.33692891,22.14334492,554,FALSE,"1","01006.1","01006","01006"
"555",-102.3031844,22.14045655,555,FALSE,"1","01006.1","01006","01006"
"556",-102.29997846,22.14545825,556,FALSE,"1","01006.1","01006","01006"
"557",-102.29297512,22.1463174,557,FALSE,"1","01006.1","01006","01006"
"558",-102.29651146,22.15521291,558,FALSE,"1","01006.1","01006","01006"
"559",-102.29593461,22.16957046,559,FALSE,"1","01006.1","01006","01006"
"560",-102.28068069,22.16947392,560,FALSE,"1","01006.1","01006","01006"
"561",-102.27665775,22.17363671,561,FALSE,"1","01006.1","01006","01006"
"562",-102.26686617,22.17238095,562,FALSE,"1","01006.1","01006","01006"
"563",-102.25813326,22.17545239,563,FALSE,"1","01006.1","01006","01006"
"564",-102.25961118,22.18307015,564,FALSE,"1","01006.1","01006","01006"
"565",-102.25108205,22.18303545,565,FALSE,"1","01006.1","01006","01006"
"566",-102.24688174,22.17098402,566,FALSE,"1","01006.1","01006","01006"
"567",-102.22080866,22.16794949,567,FALSE,"1","01006.1","01006","01006"
"568",-102.20416489,22.16090706,568,FALSE,"1","01006.1","01006","01006"
"569",-102.18901832,22.36243783,569,FALSE,"1","01007.1","01007","01007"
"570",-102.19069609,22.352631,570,FALSE,"1","01007.1","01007","01007"
"571",-102.19414378,22.35064266,571,FALSE,"1","01007.1","01007","01007"
"572",-102.18659586,22.34034746,572,FALSE,"1","01007.1","01007","01007"
"573",-102.18856048,22.32399937,573,FALSE,"1","01007.1","01007","01007"
"574",-102.19092703,22.31786992,574,FALSE,"1","01007.1","01007","01007"
"575",-102.21314783,22.31442322,575,FALSE,"1","01007.1","01007","01007"
"576",-102.21396,22.30225789,576,FALSE,"1","01007.1","01007","01007"
"577",-102.21774189,22.29468655,577,FALSE,"1","01007.1","01007","01007"
"578",-102.23873786,22.29739757,578,FALSE,"1","01007.1","01007","01007"
"579",-102.24011371,22.29292575,579,FALSE,"1","01007.1","01007","01007"
"580",-102.24955849,22.28666775,580,FALSE,"1","01007.1","01007","01007"
"581",-102.24947672,22.28095869,581,FALSE,"1","01007.1","01007","01007"
"582",-102.25629551,22.26724099,582,FALSE,"1","01007.1","01007","01007"
"583",-102.25427335,22.26116974,583,FALSE,"1","01007.1","01007","01007"
"584",-102.25692755,22.25320095,584,FALSE,"1","01007.1","01007","01007"
"585",-102.25702631,22.23570645,585,FALSE,"1","01007.1","01007","01007"
"586",-102.25404692,22.22779068,586,FALSE,"1","01007.1","01007","01007"
"587",-102.27733029,22.22541688,587,FALSE,"1","01007.1","01007","01007"
"588",-102.27652014,22.18753014,588,FALSE,"1","01007.1","01007","01007"
"589",-102.25922177,22.18635602,589,FALSE,"1","01007.1","01007","01007"
"590",-102.25961118,22.18307015,590,FALSE,"1","01007.1","01007","01007"
"591",-102.25813326,22.17545239,591,FALSE,"1","01007.1","01007","01007"
"592",-102.26686617,22.17238095,592,FALSE,"1","01007.1","01007","01007"
"593",-102.27665775,22.17363671,593,FALSE,"1","01007.1","01007","01007"
"594",-102.28068069,22.16947392,594,FALSE,"1","01007.1","01007","01007"
"595",-102.29593461,22.16957046,595,FALSE,"1","01007.1","01007","01007"
"596",-102.29651146,22.15521291,596,FALSE,"1","01007.1","01007","01007"
"597",-102.29297512,22.1463174,597,FALSE,"1","01007.1","01007","01007"
"598",-102.29997846,22.14545825,598,FALSE,"1","01007.1","01007","01007"
"599",-102.3031844,22.14045655,599,FALSE,"1","01007.1","01007","01007"
"600",-102.33692891,22.14334492,600,FALSE,"1","01007.1","01007","01007"
"601",-102.35058952,22.146557,601,FALSE,"1","01007.1","01007","01007"
"602",-102.35384678,22.12064402,602,FALSE,"1","01007.1","01007","01007"
"603",-102.36056369,22.12657397,603,FALSE,"1","01007.1","01007","01007"
"604",-102.357905,22.14008617,604,FALSE,"1","01007.1","01007","01007"
"605",-102.36803406,22.14269066,605,FALSE,"1","01007.1","01007","01007"
"606",-102.37407946,22.13584729,606,FALSE,"1","01007.1","01007","01007"
"607",-102.37993072,22.13864623,607,FALSE,"1","01007.1","01007","01007"
"608",-102.37192812,22.17085479,608,FALSE,"1","01007.1","01007","01007"
"609",-102.38041672,22.17207394,609,FALSE,"1","01007.1","01007","01007"
"610",-102.38085614,22.18700554,610,FALSE,"1","01007.1","01007","01007"
"611",-102.3761682,22.1946216,611,FALSE,"1","01007.1","01007","01007"
"612",-102.39265157,22.20407449,612,FALSE,"1","01007.1","01007","01007"
"613",-102.36921261,22.20441974,613,FALSE,"1","01007.1","01007","01007"
"614",-102.3652576,22.22238349,614,FALSE,"1","01007.1","01007","01007"
"615",-102.36103334,22.23100549,615,FALSE,"1","01007.1","01007","01007"
"616",-102.37475028,22.22799555,616,FALSE,"1","01007.1","01007","01007"
"617",-102.39500589,22.22886971,617,FALSE,"1","01007.1","01007","01007"
"618",-102.39924465,22.23166989,618,FALSE,"1","01007.1","01007","01007"
"619",-102.40698528,22.22829997,619,FALSE,"1","01007.1","01007","01007"
"620",-102.42028043,22.23524732,620,FALSE,"1","01007.1","01007","01007"
"621",-102.43127821,22.23055823,621,FALSE,"1","01007.1","01007","01007"
"622",-102.44197711,22.2383436,622,FALSE,"1","01007.1","01007","01007"
"623",-102.44193494,22.27301372,623,FALSE,"1","01007.1","01007","01007"
"624",-102.45128401,22.26244617,624,FALSE,"1","01007.1","01007","01007"
"625",-102.45220345,22.27363486,625,FALSE,"1","01007.1","01007","01007"
"626",-102.45707963,22.27903926,626,FALSE,"1","01007.1","01007","01007"
"627",-102.45590474,22.28447992,627,FALSE,"1","01007.1","01007","01007"
"628",-102.45011795,22.28804968,628,FALSE,"1","01007.1","01007","01007"
"629",-102.45500665,22.31209272,629,FALSE,"1","01007.1","01007","01007"
"630",-102.4561096,22.32323225,630,FALSE,"1","01007.1","01007","01007"
"631",-102.46217397,22.32284274,631,FALSE,"1","01007.1","01007","01007"
"632",-102.46102086,22.33175888,632,FALSE,"1","01007.1","01007","01007"
"633",-102.47118781,22.33625488,633,FALSE,"1","01007.1","01007","01007"
"634",-102.46564585,22.3501948,634,FALSE,"1","01007.1","01007","01007"
"635",-102.4508688,22.35217275,635,FALSE,"1","01007.1","01007","01007"
"636",-102.43233385,22.35745808,636,FALSE,"1","01007.1","01007","01007"
"637",-102.387879,22.3641412,637,FALSE,"1","01007.1","01007","01007"
"638",-102.37844281,22.36087859,638,FALSE,"1","01007.1","01007","01007"
"639",-102.34418165,22.36303957,639,FALSE,"1","01007.1","01007","01007"
"640",-102.33933835,22.36150494,640,FALSE,"1","01007.1","01007","01007"
"641",-102.34949101,22.34672539,641,FALSE,"1","01007.1","01007","01007"
"642",-102.36265372,22.34647485,642,FALSE,"1","01007.1","01007","01007"
"643",-102.3623764,22.32882465,643,FALSE,"1","01007.1","01007","01007"
"644",-102.3337142,22.32985746,644,FALSE,"1","01007.1","01007","01007"
"645",-102.30418349,22.33198974,645,FALSE,"1","01007.1","01007","01007"
"646",-102.30526638,22.31918605,646,FALSE,"1","01007.1","01007","01007"
"647",-102.31652074,22.31291611,647,FALSE,"1","01007.1","01007","01007"
"648",-102.30691201,22.3031016,648,FALSE,"1","01007.1","01007","01007"
"649",-102.29458675,22.30083334,649,FALSE,"1","01007.1","01007","01007"
"650",-102.29667743,22.28946986,650,FALSE,"1","01007.1","01007","01007"
"651",-102.27979975,22.28782575,651,FALSE,"1","01007.1","01007","01007"
"652",-102.27324911,22.28448051,652,FALSE,"1","01007.1","01007","01007"
"653",-102.26163691,22.28570545,653,FALSE,"1","01007.1","01007","01007"
"654",-102.2622014,22.29441008,654,FALSE,"1","01007.1","01007","01007"
"655",-102.25498205,22.29318591,655,FALSE,"1","01007.1","01007","01007"
"656",-102.25398457,22.29943025,656,FALSE,"1","01007.1","01007","01007"
"657",-102.24619015,22.29842139,657,FALSE,"1","01007.1","01007","01007"
"658",-102.24716334,22.31076043,658,FALSE,"1","01007.1","01007","01007"
"659",-102.24427858,22.32021863,659,FALSE,"1","01007.1","01007","01007"
"660",-102.24721426,22.32444603,660,FALSE,"1","01007.1","01007","01007"
"661",-102.24512601,22.34199928,661,FALSE,"1","01007.1","01007","01007"
"662",-102.23884835,22.3523648,662,FALSE,"1","01007.1","01007","01007"
"663",-102.25327032,22.37045706,663,FALSE,"1","01007.1","01007","01007"
"664",-102.25320071,22.37449451,664,FALSE,"1","01007.1","01007","01007"
"665",-102.22813254,22.37468091,665,FALSE,"1","01007.1","01007","01007"
"666",-102.22333066,22.3713364,666,FALSE,"1","01007.1","01007","01007"
"667",-102.21198681,22.37269732,667,FALSE,"1","01007.1","01007","01007"
"668",-102.2119792,22.36246519,668,FALSE,"1","01007.1","01007","01007"
"669",-102.18901832,22.36243783,669,FALSE,"1","01007.1","01007","01007"
"670",-102.35384678,22.12064402,670,FALSE,"1","01008.1","01008","01008"
"671",-102.35425863,22.11699057,671,FALSE,"1","01008.1","01008","01008"
"672",-102.38054217,22.12708052,672,FALSE,"1","01008.1","01008","01008"
"673",-102.38615191,22.09033415,673,FALSE,"1","01008.1","01008","01008"
"674",-102.41845461,22.08048088,674,FALSE,"1","01008.1","01008","01008"
"675",-102.41659129,22.04043031,675,FALSE,"1","01008.1","01008","01008"
"676",-102.41615035,22.02809715,676,FALSE,"1","01008.1","01008","01008"
"677",-102.42089809,22.01956931,677,FALSE,"1","01008.1","01008","01008"
"678",-102.42660057,22.01836517,678,FALSE,"1","01008.1","01008","01008"
"679",-102.43050109,22.00877054,679,FALSE,"1","01008.1","01008","01008"
"680",-102.43214789,21.99584379,680,FALSE,"1","01008.1","01008","01008"
"681",-102.42413315,21.98884383,681,FALSE,"1","01008.1","01008","01008"
"682",-102.44733945,21.98673883,682,FALSE,"1","01008.1","01008","01008"
"683",-102.45396943,21.97951888,683,FALSE,"1","01008.1","01008","01008"
"684",-102.46010243,21.98274902,684,FALSE,"1","01008.1","01008","01008"
"685",-102.46808252,21.98128943,685,FALSE,"1","01008.1","01008","01008"
"686",-102.47272528,21.99487628,686,FALSE,"1","01008.1","01008","01008"
"687",-102.47764081,21.99682786,687,FALSE,"1","01008.1","01008","01008"
"688",-102.48937505,21.99640771,688,FALSE,"1","01008.1","01008","01008"
"689",-102.48904475,22.00176163,689,FALSE,"1","01008.1","01008","01008"
"690",-102.50142985,22.00321779,690,FALSE,"1","01008.1","01008","01008"
"691",-102.50504755,21.99282402,691,FALSE,"1","01008.1","01008","01008"
"692",-102.50128121,21.98692494,692,FALSE,"1","01008.1","01008","01008"
"693",-102.49542263,21.98470512,693,FALSE,"1","01008.1","01008","01008"
"694",-102.49207848,21.96951674,694,FALSE,"1","01008.1","01008","01008"
"695",-102.49698671,21.96907134,695,FALSE,"1","01008.1","01008","01008"
"696",-102.5075168,21.97519472,696,FALSE,"1","01008.1","01008","01008"
"697",-102.51049258,21.97358966,697,FALSE,"1","01008.1","01008","01008"
"698",-102.5323798,21.970563,698,FALSE,"1","01008.1","01008","01008"
"699",-102.55038175,21.97057442,699,FALSE,"1","01008.1","01008","01008"
"700",-102.55523023,21.96212923,700,FALSE,"1","01008.1","01008","01008"
"701",-102.56872621,21.96392155,701,FALSE,"1","01008.1","01008","01008"
"702",-102.57625057,21.96778072,702,FALSE,"1","01008.1","01008","01008"
"703",-102.58182549,21.96883808,703,FALSE,"1","01008.1","01008","01008"
"704",-102.57848208,21.97930689,704,FALSE,"1","01008.1","01008","01008"
"705",-102.58413105,21.99164555,705,FALSE,"1","01008.1","01008","01008"
"706",-102.58080197,22.01227515,706,FALSE,"1","01008.1","01008","01008"
"707",-102.59748852,22.0141864,707,FALSE,"1","01008.1","01008","01008"
"708",-102.59289045,22.04736552,708,FALSE,"1","01008.1","01008","01008"
"709",-102.60226157,22.04854217,709,FALSE,"1","01008.1","01008","01008"
"710",-102.60220648,22.04006869,710,FALSE,"1","01008.1","01008","01008"
"711",-102.61229248,22.03639059,711,FALSE,"1","01008.1","01008","01008"
"712",-102.61759263,22.03753937,712,FALSE,"1","01008.1","01008","01008"
"713",-102.61558969,22.04656434,713,FALSE,"1","01008.1","01008","01008"
"714",-102.6086382,22.05323691,714,FALSE,"1","01008.1","01008","01008"
"715",-102.6131988,22.07105799,715,FALSE,"1","01008.1","01008","01008"
"716",-102.62077694,22.08147143,716,FALSE,"1","01008.1","01008","01008"
"717",-102.64349414,22.0935208,717,FALSE,"1","01008.1","01008","01008"
"718",-102.66904418,22.08762172,718,FALSE,"1","01008.1","01008","01008"
"719",-102.66747417,22.09329855,719,FALSE,"1","01008.1","01008","01008"
"720",-102.67115489,22.09831875,720,FALSE,"1","01008.1","01008","01008"
"721",-102.67980312,22.09834269,721,FALSE,"1","01008.1","01008","01008"
"722",-102.68403438,22.08669715,722,FALSE,"1","01008.1","01008","01008"
"723",-102.69257681,22.09020668,723,FALSE,"1","01008.1","01008","01008"
"724",-102.68568845,22.09962731,724,FALSE,"1","01008.1","01008","01008"
"725",-102.68695015,22.1065304,725,FALSE,"1","01008.1","01008","01008"
"726",-102.69348534,22.10472295,726,FALSE,"1","01008.1","01008","01008"
"727",-102.69014195,22.12339499,727,FALSE,"1","01008.1","01008","01008"
"728",-102.68341414,22.12991359,728,FALSE,"1","01008.1","01008","01008"
"729",-102.6863198,22.13697311,729,FALSE,"1","01008.1","01008","01008"
"730",-102.68108097,22.14521992,730,FALSE,"1","01008.1","01008","01008"
"731",-102.67434471,22.14778143,731,FALSE,"1","01008.1","01008","01008"
"732",-102.66941569,22.15958959,732,FALSE,"1","01008.1","01008","01008"
"733",-102.67589451,22.17557252,733,FALSE,"1","01008.1","01008","01008"
"734",-102.66798129,22.17842628,734,FALSE,"1","01008.1","01008","01008"
"735",-102.66626571,22.18303286,735,FALSE,"1","01008.1","01008","01008"
"736",-102.66931008,22.19402359,736,FALSE,"1","01008.1","01008","01008"
"737",-102.65533672,22.19125246,737,FALSE,"1","01008.1","01008","01008"
"738",-102.65023745,22.20122622,738,FALSE,"1","01008.1","01008","01008"
"739",-102.64582155,22.20430605,739,FALSE,"1","01008.1","01008","01008"
"740",-102.64580235,22.21321183,740,FALSE,"1","01008.1","01008","01008"
"741",-102.64138712,22.22844754,741,FALSE,"1","01008.1","01008","01008"
"742",-102.67001705,22.24570243,742,FALSE,"1","01008.1","01008","01008"
"743",-102.66874285,22.29187105,743,FALSE,"1","01008.1","01008","01008"
"744",-102.61205218,22.29150846,744,FALSE,"1","01008.1","01008","01008"
"745",-102.52703934,22.29089903,745,FALSE,"1","01008.1","01008","01008"
"746",-102.50663072,22.29381254,746,FALSE,"1","01008.1","01008","01008"
"747",-102.50126511,22.30426977,747,FALSE,"1","01008.1","01008","01008"
"748",-102.48853118,22.30540832,748,FALSE,"1","01008.1","01008","01008"
"749",-102.47020163,22.3092102,749,FALSE,"1","01008.1","01008","01008"
"750",-102.46698114,22.31906645,750,FALSE,"1","01008.1","01008","01008"
"751",-102.46217397,22.32284274,751,FALSE,"1","01008.1","01008","01008"
"752",-102.4561096,22.32323225,752,FALSE,"1","01008.1","01008","01008"
"753",-102.45500665,22.31209272,753,FALSE,"1","01008.1","01008","01008"
"754",-102.45011795,22.28804968,754,FALSE,"1","01008.1","01008","01008"
"755",-102.45590474,22.28447992,755,FALSE,"1","01008.1","01008","01008"
"756",-102.45707963,22.27903926,756,FALSE,"1","01008.1","01008","01008"
"757",-102.45220345,22.27363486,757,FALSE,"1","01008.1","01008","01008"
"758",-102.45128401,22.26244617,758,FALSE,"1","01008.1","01008","01008"
"759",-102.44193494,22.27301372,759,FALSE,"1","01008.1","01008","01008"
"760",-102.44197711,22.2383436,760,FALSE,"1","01008.1","01008","01008"
"761",-102.43127821,22.23055823,761,FALSE,"1","01008.1","01008","01008"
"762",-102.42028043,22.23524732,762,FALSE,"1","01008.1","01008","01008"
"763",-102.40698528,22.22829997,763,FALSE,"1","01008.1","01008","01008"
"764",-102.39924465,22.23166989,764,FALSE,"1","01008.1","01008","01008"
"765",-102.39500589,22.22886971,765,FALSE,"1","01008.1","01008","01008"
"766",-102.37475028,22.22799555,766,FALSE,"1","01008.1","01008","01008"
"767",-102.36103334,22.23100549,767,FALSE,"1","01008.1","01008","01008"
"768",-102.3652576,22.22238349,768,FALSE,"1","01008.1","01008","01008"
"769",-102.36921261,22.20441974,769,FALSE,"1","01008.1","01008","01008"
"770",-102.39265157,22.20407449,770,FALSE,"1","01008.1","01008","01008"
"771",-102.3761682,22.1946216,771,FALSE,"1","01008.1","01008","01008"
"772",-102.38085614,22.18700554,772,FALSE,"1","01008.1","01008","01008"
"773",-102.38041672,22.17207394,773,FALSE,"1","01008.1","01008","01008"
"774",-102.37192812,22.17085479,774,FALSE,"1","01008.1","01008","01008"
"775",-102.37993072,22.13864623,775,FALSE,"1","01008.1","01008","01008"
"776",-102.37407946,22.13584729,776,FALSE,"1","01008.1","01008","01008"
"777",-102.36803406,22.14269066,777,FALSE,"1","01008.1","01008","01008"
"778",-102.357905,22.14008617,778,FALSE,"1","01008.1","01008","01008"
"779",-102.36056369,22.12657397,779,FALSE,"1","01008.1","01008","01008"
"780",-102.35384678,22.12064402,780,FALSE,"1","01008.1","01008","01008"
"781",-102.16213443,22.34851394,781,FALSE,"1","01009.1","01009","01009"
"782",-102.14984748,22.34717506,782,FALSE,"1","01009.1","01009","01009"
"783",-102.15323048,22.29041022,783,FALSE,"1","01009.1","01009","01009"
"784",-102.12411069,22.2869564,784,FALSE,"1","01009.1","01009","01009"
"785",-102.12705031,22.26977439,785,FALSE,"1","01009.1","01009","01009"
"786",-102.13014814,22.24105697,786,FALSE,"1","01009.1","01009","01009"
"787",-102.14654886,22.23377852,787,FALSE,"1","01009.1","01009","01009"
"788",-102.13279261,22.21518865,788,FALSE,"1","01009.1","01009","01009"
"789",-102.13299241,22.20281848,789,FALSE,"1","01009.1","01009","01009"
"790",-102.13700714,22.19107154,790,FALSE,"1","01009.1","01009","01009"
"791",-102.13246277,22.17861143,791,FALSE,"1","01009.1","01009","01009"
"792",-102.13343794,22.17327271,792,FALSE,"1","01009.1","01009","01009"
"793",-102.12652726,22.15763349,793,FALSE,"1","01009.1","01009","01009"
"794",-102.13537255,22.15379488,794,FALSE,"1","01009.1","01009","01009"
"795",-102.13639977,22.14945506,795,FALSE,"1","01009.1","01009","01009"
"796",-102.14893641,22.15472523,796,FALSE,"1","01009.1","01009","01009"
"797",-102.16415489,22.14065299,797,FALSE,"1","01009.1","01009","01009"
"798",-102.16781089,22.12535052,798,FALSE,"1","01009.1","01009","01009"
"799",-102.17573294,22.12953174,799,FALSE,"1","01009.1","01009","01009"
"800",-102.1863058,22.16124883,800,FALSE,"1","01009.1","01009","01009"
"801",-102.20416489,22.16090706,801,FALSE,"1","01009.1","01009","01009"
"802",-102.22080866,22.16794949,802,FALSE,"1","01009.1","01009","01009"
"803",-102.24688174,22.17098402,803,FALSE,"1","01009.1","01009","01009"
"804",-102.25108205,22.18303545,804,FALSE,"1","01009.1","01009","01009"
"805",-102.25961118,22.18307015,805,FALSE,"1","01009.1","01009","01009"
"806",-102.25922177,22.18635602,806,FALSE,"1","01009.1","01009","01009"
"807",-102.27652014,22.18753014,807,FALSE,"1","01009.1","01009","01009"
"808",-102.27733029,22.22541688,808,FALSE,"1","01009.1","01009","01009"
"809",-102.25404692,22.22779068,809,FALSE,"1","01009.1","01009","01009"
"810",-102.25702631,22.23570645,810,FALSE,"1","01009.1","01009","01009"
"811",-102.25692755,22.25320095,811,FALSE,"1","01009.1","01009","01009"
"812",-102.25427335,22.26116974,812,FALSE,"1","01009.1","01009","01009"
"813",-102.25629551,22.26724099,813,FALSE,"1","01009.1","01009","01009"
"814",-102.24947672,22.28095869,814,FALSE,"1","01009.1","01009","01009"
"815",-102.24955849,22.28666775,815,FALSE,"1","01009.1","01009","01009"
"816",-102.24011371,22.29292575,816,FALSE,"1","01009.1","01009","01009"
"817",-102.23873786,22.29739757,817,FALSE,"1","01009.1","01009","01009"
"818",-102.21774189,22.29468655,818,FALSE,"1","01009.1","01009","01009"
"819",-102.21396,22.30225789,819,FALSE,"1","01009.1","01009","01009"
"820",-102.21314783,22.31442322,820,FALSE,"1","01009.1","01009","01009"
"821",-102.19092703,22.31786992,821,FALSE,"1","01009.1","01009","01009"
"822",-102.18856048,22.32399937,822,FALSE,"1","01009.1","01009","01009"
"823",-102.18659586,22.34034746,823,FALSE,"1","01009.1","01009","01009"
"824",-102.19414378,22.35064266,824,FALSE,"1","01009.1","01009","01009"
"825",-102.19069609,22.352631,825,FALSE,"1","01009.1","01009","01009"
"826",-102.18901832,22.36243783,826,FALSE,"1","01009.1","01009","01009"
"827",-102.17737534,22.36242974,827,FALSE,"1","01009.1","01009","01009"
"828",-102.18072211,22.35039794,828,FALSE,"1","01009.1","01009","01009"
"829",-102.16213443,22.34851394,829,FALSE,"1","01009.1","01009","01009"
"830",-101.89778021,21.95838791,830,FALSE,"1","01010.1","01010","01010"
"831",-101.8903746,21.95095015,831,FALSE,"1","01010.1","01010","01010"
"832",-101.88579988,21.93261163,832,FALSE,"1","01010.1","01010","01010"
"833",-101.87965537,21.94389485,833,FALSE,"1","01010.1","01010","01010"
"834",-101.87228103,21.94650325,834,FALSE,"1","01010.1","01010","01010"
"835",-101.86359638,21.9462142,835,FALSE,"1","01010.1","01010","01010"
"836",-101.85660277,21.94314785,836,FALSE,"1","01010.1","01010","01010"
"837",-101.84512198,21.94416755,837,FALSE,"1","01010.1","01010","01010"
"838",-101.83528945,21.94177059,838,FALSE,"1","01010.1","01010","01010"
"839",-101.83800337,21.90734437,839,FALSE,"1","01010.1","01010","01010"
"840",-101.88021261,21.91014979,840,FALSE,"1","01010.1","01010","01010"
"841",-101.94124308,21.88948637,841,FALSE,"1","01010.1","01010","01010"
"842",-102.01995401,21.86253611,842,FALSE,"1","01010.1","01010","01010"
"843",-102.02079443,21.85116763,843,FALSE,"1","01010.1","01010","01010"
"844",-102.03841751,21.85319805,844,FALSE,"1","01010.1","01010","01010"
"845",-102.03862123,21.83562383,845,FALSE,"1","01010.1","01010","01010"
"846",-102.04174294,21.82306765,846,FALSE,"1","01010.1","01010","01010"
"847",-102.05512374,21.81635677,847,FALSE,"1","01010.1","01010","01010"
"848",-102.05386651,21.81334986,848,FALSE,"1","01010.1","01010","01010"
"849",-102.05797981,21.80187009,849,FALSE,"1","01010.1","01010","01010"
"850",-102.06450765,21.79620485,850,FALSE,"1","01010.1","01010","01010"
"851",-102.07167849,21.79473231,851,FALSE,"1","01010.1","01010","01010"
"852",-102.09776758,21.80043202,852,FALSE,"1","01010.1","01010","01010"
"853",-102.11502752,21.80015537,853,FALSE,"1","01010.1","01010","01010"
"854",-102.11731321,21.79411783,854,FALSE,"1","01010.1","01010","01010"
"855",-102.13196063,21.79664889,855,FALSE,"1","01010.1","01010","01010"
"856",-102.14081452,21.79448429,856,FALSE,"1","01010.1","01010","01010"
"857",-102.14595015,21.78784883,857,FALSE,"1","01010.1","01010","01010"
"858",-102.15345094,21.78887052,858,FALSE,"1","01010.1","01010","01010"
"859",-102.15052606,21.80961849,859,FALSE,"1","01010.1","01010","01010"
"860",-102.16041475,21.81131789,860,FALSE,"1","01010.1","01010","01010"
"861",-102.15786797,21.82971326,861,FALSE,"1","01010.1","01010","01010"
"862",-102.17077151,21.83196948,862,FALSE,"1","01010.1","01010","01010"
"863",-102.16758326,21.84294072,863,FALSE,"1","01010.1","01010","01010"
"864",-102.17604091,21.84382412,864,FALSE,"1","01010.1","01010","01010"
"865",-102.17505297,21.87053746,865,FALSE,"1","01010.1","01010","01010"
"866",-102.15713495,21.86924392,866,FALSE,"1","01010.1","01010","01010"
"867",-102.15538234,21.91081612,867,FALSE,"1","01010.1","01010","01010"
"868",-102.16213023,21.90775074,868,FALSE,"1","01010.1","01010","01010"
"869",-102.16202074,21.91963782,869,FALSE,"1","01010.1","01010","01010"
"870",-102.16613726,21.91954105,870,FALSE,"1","01010.1","01010","01010"
"871",-102.16420172,21.93712422,871,FALSE,"1","01010.1","01010","01010"
"872",-102.15424605,21.93623525,872,FALSE,"1","01010.1","01010","01010"
"873",-102.13900909,21.93753445,873,FALSE,"1","01010.1","01010","01010"
"874",-102.13188672,21.97683837,874,FALSE,"1","01010.1","01010","01010"
"875",-102.10051158,21.97266134,875,FALSE,"1","01010.1","01010","01010"
"876",-102.10089171,21.96490486,876,FALSE,"1","01010.1","01010","01010"
"877",-102.09244218,21.96114069,877,FALSE,"1","01010.1","01010","01010"
"878",-102.09428946,21.97233974,878,FALSE,"1","01010.1","01010","01010"
"879",-102.06941158,21.96898102,879,FALSE,"1","01010.1","01010","01010"
"880",-102.06866595,21.97793588,880,FALSE,"1","01010.1","01010","01010"
"881",-102.08459841,21.98609995,881,FALSE,"1","01010.1","01010","01010"
"882",-102.09713985,21.99612142,882,FALSE,"1","01010.1","01010","01010"
"883",-102.09775066,22.02324746,883,FALSE,"1","01010.1","01010","01010"
"884",-102.06494501,22.01742828,884,FALSE,"1","01010.1","01010","01010"
"885",-102.06009138,22.04440659,885,FALSE,"1","01010.1","01010","01010"
"886",-102.05080954,22.04199494,886,FALSE,"1","01010.1","01010","01010"
"887",-102.04539441,22.04906108,887,FALSE,"1","01010.1","01010","01010"
"888",-102.03614441,22.05226409,888,FALSE,"1","01010.1","01010","01010"
"889",-102.04995908,22.06113794,889,FALSE,"1","01010.1","01010","01010"
"890",-102.03426861,22.06936534,890,FALSE,"1","01010.1","01010","01010"
"891",-102.02347714,22.05356832,891,FALSE,"1","01010.1","01010","01010"
"892",-102.02277078,22.04425629,892,FALSE,"1","01010.1","01010","01010"
"893",-102.0114392,22.03366337,893,FALSE,"1","01010.1","01010","01010"
"894",-102.00762106,22.03993091,894,FALSE,"1","01010.1","01010","01010"
"895",-101.98746995,22.03916648,895,FALSE,"1","01010.1","01010","01010"
"896",-101.99193974,22.00793965,896,FALSE,"1","01010.1","01010","01010"
"897",-101.97429028,22.00962491,897,FALSE,"1","01010.1","01010","01010"
"898",-101.94805877,22.00877908,898,FALSE,"1","01010.1","01010","01010"
"899",-101.89778021,21.95838791,899,FALSE,"1","01010.1","01010","01010"
"900",-102.14088068,22.07534259,900,FALSE,"1","01011.1","01011","01011"
"901",-102.13851778,22.06024734,901,FALSE,"1","01011.1","01011","01011"
"902",-102.144567,22.03541669,902,FALSE,"1","01011.1","01011","01011"
"903",-102.13463414,22.02901323,903,FALSE,"1","01011.1","01011","01011"
"904",-102.15320223,22.02252972,904,FALSE,"1","01011.1","01011","01011"
"905",-102.15782129,22.02643635,905,FALSE,"1","01011.1","01011","01011"
"906",-102.17104968,22.02573168,906,FALSE,"1","01011.1","01011","01011"
"907",-102.16622712,22.03972563,907,FALSE,"1","01011.1","01011","01011"
"908",-102.17665463,22.04116662,908,FALSE,"1","01011.1","01011","01011"
"909",-102.17965472,22.03318046,909,FALSE,"1","01011.1","01011","01011"
"910",-102.2079146,22.03794714,910,FALSE,"1","01011.1","01011","01011"
"911",-102.20926858,22.02881139,911,FALSE,"1","01011.1","01011","01011"
"912",-102.22281531,22.03146609,912,FALSE,"1","01011.1","01011","01011"
"913",-102.22341618,22.01064932,913,FALSE,"1","01011.1","01011","01011"
"914",-102.22719391,22.00998555,914,FALSE,"1","01011.1","01011","01011"
"915",-102.22909501,21.99920257,915,FALSE,"1","01011.1","01011","01011"
"916",-102.22624678,21.99703515,916,FALSE,"1","01011.1","01011","01011"
"917",-102.20777118,21.99471537,917,FALSE,"1","01011.1","01011","01011"
"918",-102.20317261,21.97155388,918,FALSE,"1","01011.1","01011","01011"
"919",-102.22761592,21.97477834,919,FALSE,"1","01011.1","01011","01011"
"920",-102.23001286,21.96135688,920,FALSE,"1","01011.1","01011","01011"
"921",-102.23451451,21.95691969,921,FALSE,"1","01011.1","01011","01011"
"922",-102.2484058,21.95001431,922,FALSE,"1","01011.1","01011","01011"
"923",-102.26700572,21.94396466,923,FALSE,"1","01011.1","01011","01011"
"924",-102.26637571,21.95164697,924,FALSE,"1","01011.1","01011","01011"
"925",-102.2741414,21.9537896,925,FALSE,"1","01011.1","01011","01011"
"926",-102.27880011,21.958414,926,FALSE,"1","01011.1","01011","01011"
"927",-102.27348465,21.97261166,927,FALSE,"1","01011.1","01011","01011"
"928",-102.28691057,21.97685302,928,FALSE,"1","01011.1","01011","01011"
"929",-102.28464809,21.98146772,929,FALSE,"1","01011.1","01011","01011"
"930",-102.27234914,21.97650649,930,FALSE,"1","01011.1","01011","01011"
"931",-102.26918834,21.98276705,931,FALSE,"1","01011.1","01011","01011"
"932",-102.27402589,21.98607332,932,FALSE,"1","01011.1","01011","01011"
"933",-102.27477134,21.99521525,933,FALSE,"1","01011.1","01011","01011"
"934",-102.2824038,22.00289851,934,FALSE,"1","01011.1","01011","01011"
"935",-102.28228614,22.00723191,935,FALSE,"1","01011.1","01011","01011"
"936",-102.27261057,22.00667595,936,FALSE,"1","01011.1","01011","01011"
"937",-102.26513655,22.00942026,937,FALSE,"1","01011.1","01011","01011"
"938",-102.26558095,22.02065805,938,FALSE,"1","01011.1","01011","01011"
"939",-102.28055692,22.0212006,939,FALSE,"1","01011.1","01011","01011"
"940",-102.27909678,22.03324951,940,FALSE,"1","01011.1","01011","01011"
"941",-102.29618929,22.03310083,941,FALSE,"1","01011.1","01011","01011"
"942",-102.30132746,22.03110922,942,FALSE,"1","01011.1","01011","01011"
"943",-102.31034028,22.03715991,943,FALSE,"1","01011.1","01011","01011"
"944",-102.30456985,22.04515999,944,FALSE,"1","01011.1","01011","01011"
"945",-102.29146054,22.05492146,945,FALSE,"1","01011.1","01011","01011"
"946",-102.28638043,22.06220575,946,FALSE,"1","01011.1","01011","01011"
"947",-102.28750945,22.07416171,947,FALSE,"1","01011.1","01011","01011"
"948",-102.29652091,22.07547654,948,FALSE,"1","01011.1","01011","01011"
"949",-102.29634888,22.08429915,949,FALSE,"1","01011.1","01011","01011"
"950",-102.28518208,22.08256246,950,FALSE,"1","01011.1","01011","01011"
"951",-102.28321017,22.08733628,951,FALSE,"1","01011.1","01011","01011"
"952",-102.27367128,22.08810377,952,FALSE,"1","01011.1","01011","01011"
"953",-102.26852366,22.07985422,953,FALSE,"1","01011.1","01011","01011"
"954",-102.26076446,22.07940514,954,FALSE,"1","01011.1","01011","01011"
"955",-102.26046763,22.08718437,955,FALSE,"1","01011.1","01011","01011"
"956",-102.23529978,22.08544419,956,FALSE,"1","01011.1","01011","01011"
"957",-102.22621171,22.08612174,957,FALSE,"1","01011.1","01011","01011"
"958",-102.2229314,22.08155485,958,FALSE,"1","01011.1","01011","01011"
"959",-102.21147603,22.07339688,959,FALSE,"1","01011.1","01011","01011"
"960",-102.19931926,22.06909022,960,FALSE,"1","01011.1","01011","01011"
"961",-102.20335369,22.06193655,961,FALSE,"1","01011.1","01011","01011"
"962",-102.1995018,22.05591828,962,FALSE,"1","01011.1","01011","01011"
"963",-102.19401965,22.05738182,963,FALSE,"1","01011.1","01011","01011"
"964",-102.19103738,22.06610172,964,FALSE,"1","01011.1","01011","01011"
"965",-102.18460409,22.06524239,965,FALSE,"1","01011.1","01011","01011"
"966",-102.18030305,22.08427806,966,FALSE,"1","01011.1","01011","01011"
"967",-102.17143628,22.08375155,967,FALSE,"1","01011.1","01011","01011"
"968",-102.16285994,22.10032808,968,FALSE,"1","01011.1","01011","01011"
"969",-102.15637645,22.09785225,969,FALSE,"1","01011.1","01011","01011"
"970",-102.15657331,22.09117675,970,FALSE,"1","01011.1","01011","01011"
"971",-102.14726023,22.08626691,971,FALSE,"1","01011.1","01011","01011"
"972",-102.14088068,22.07534259,972,FALSE,"1","01011.1","01011","01011"
